gamma,reg_param,R2_exp_fit,density_parameter,order_parameter,aspect_ratio,convexity
5.5925605579216136,2.3826320136115404,0,0,0,0,0
-1.7826147299985315,0.7007981718744167,0,0,0,0,0
